790512245373632512,racism
838789710147371008,racism
824997217127788544,racism
842469416734449664,racism
835091818048012289,racism
835484564235694080,racism
842463326294667266,racism
853721918511476738,racism
808398433916768262,racism
783758759713705985,racism
822406556054671361,racism
785211366609125376,racism
824367337340014592,racism
841570591354294272,racism
845604711285870592,racism
821685419406401536,racism
799249839997546496,racism
835882330321469444,racism
842468916366594048,racism
853686540404490240,racism
851097697436282880,racism
792271450677862400,racism
835239567502553088,racism
814577277702967297,racism
782831015517646848,racism
843139376456650752,racism
835818204098408448,racism
835463265354412032,racism
842465763806052357,racism
847750952903884800,racism
835414408981528576,racism
799967739804872704,racism
815165133639053312,racism
846830108396662785,racism
837376398889218049,racism
845905420443140096,racism
803555495739068417,racism
842821235344117761,racism
836862993409454081,racism
856052357301501952,racism
847095896152117248,racism
840649220650598400,racism
827531613617655808,racism
826337496183214080,racism
836864666173341696,racism
827187851934711809,racism
839638694357258244,racism
789322725357649920,racism
846765363459211266,racism
782511501340991489,racism
853164676888375296,racism
811235499733958656,racism
831195807609135104,racism
832268773298204679,racism
836840955856699392,racism
840263114683756544,racism
837412383492538370,racism
836403822729785345,racism
834889313506709510,racism
849182270925803520,racism
829592440277450752,racism
839246839404761089,racism
826741784290148352,racism
834421586459521024,racism
843360562037903360,racism
803981726892425216,racism
846765407100964864,racism
826944515114225664,racism
818548232859029504,racism
835783434253520896,racism
848835878969540612,racism
832202995874004992,racism
820626034911543296,racism
847343976466104321,racism
808573981905326080,racism
804677425237991424,racism
811354368901410816,racism
822158606632124417,racism
831959296317517824,racism
809316456903147520,racism
853903589726617601,racism
825702259862405120,racism
791256221131079689,racism
836686226270928896,racism
843047604644544512,racism
837069843677462528,racism
824178773859954689,racism
844170321544581120,racism
802834199187193856,racism
810097153876094976,racism
836954922671300613,racism
846474457267027968,racism
789250723468967938,racism
824962723628908545,racism
851477582856040449,racism
789363569338888193,racism
807573591021719554,racism
783950268123582464,racism
846721588712099841,racism
808051921852436480,racism
835191977608003584,racism
846277363906285569,racism
836566668486782976,racism
785834536961617920,racism
821719609191649281,racism
841569378915241984,racism
822700325182341124,racism
825408756376858624,racism
832222955442692096,racism
786617215256817664,racism
793404879838511104,racism
838690195067273216,racism
834413866696192000,racism
835133618121019392,racism
836332284513042433,racism
840487692387401729,racism
835221795993169920,racism
841337155209318400,racism
810179855509819393,racism
842462888702935040,racism
809027061486682112,racism
827069944303071233,racism
836923466397908992,racism
793548832156049408,racism
856060336801161217,racism
826384535931801600,racism
811119635051479040,racism
837100199763972096,racism
842772136817299456,racism
809176345750011905,racism
836326400059637761,racism
810079370626920452,racism
835506055157276672,racism
786246736452780032,racism
849134486084362241,racism
851783273047093248,racism
835775993633730563,racism
843143606894510080,racism
816222944926035968,racism
845757834029682689,racism
847390227790348289,racism
785498796365086721,racism
803176483174780929,racism
841285585507614720,racism
844321831137927168,racism
834476091263836162,racism
825054599119777793,racism
793613036401614848,racism
836601409109901313,racism
845576919844372480,racism
850016385686286336,racism
842998730504769537,racism
799778495094108161,racism
835435591122694145,racism
810069815977279488,racism
836578036745138176,racism
843246990586789889,racism
810081463257432064,racism
841961585035862016,racism
800380180845838336,racism
841267224455315457,racism
821709193409400833,racism
856495219507965953,racism
812305545851994112,racism
784405754652585984,racism
845030136584065024,racism
835033619827724289,racism
790858022943883264,racism
783737181366054949,racism
847522276333551617,racism
823551017879031808,racism
786280312741519360,racism
855856514388676609,racism
786190573355036672,racism
835283141447270402,racism
786094296785117188,racism
814423250629488640,racism
846742686447079428,racism
822106381377503232,racism
810420463864348672,racism
843938723704324096,racism
782689291679956993,racism
824711635050889217,racism
841242688603246592,racism
785795613384335361,racism
838697095859175424,racism
851332404379873280,racism
837298660450963456,racism
805424722158624769,racism
835515539858550784,racism
843051540407615488,racism
848638165783126020,racism
825992559440846849,racism
783996952249786368,racism
835415495977357313,racism
825391866988335104,racism
803716311872393216,racism
832593361185943552,racism
826689341107892224,racism
828519733184061440,racism
844447452979761152,racism
830558316107558914,racism
847371935079997443,racism
843089872021848064,racism
817663776371732480,racism
835183427997552640,racism
792389513808977924,racism
826821689300365314,racism
831957529252999169,racism
826460369396887553,racism
831230154584244226,racism
782187533518135296,racism
841534338755919872,racism
842837041499049984,racism
793468357450330114,racism
810069703414714368,racism
821643714414178304,racism
837314516937490432,racism
822076915204898816,racism
827209684167880705,racism
835215569712480256,racism
836774577531408384,racism
839574012695101441,racism
828859365738295297,racism
849129760521424896,racism
824168011372359680,racism
782955939662102528,racism
844880743742476288,racism
828966065757630466,racism
836187462930165761,racism
835103875283763201,racism
838846719676796928,racism
835075358315655168,racism
829984109158158336,racism
836651095934058497,racism
843080399970623488,racism
830685514642706434,racism
810071530055041029,racism
828005361869283329,racism
844389587447431168,racism
808398200533090304,racism
791255216855416833,racism
846481449675112448,racism
829658635114573824,racism
814802085107658753,racism
800793761798295552,racism
853309967532740608,racism
846479445603078145,racism
830521853051535361,racism
807460158666371072,racism
855872976549531649,racism
834364338622308352,racism
782878712861786112,racism
810196354437935104,racism
852502599886663680,racism
839566555721699331,racism
783675694203146240,racism
830856196890435586,racism
789394064017805312,racism
810120475074555908,racism
839818083439095809,racism
844153763195580416,racism
838198482255114242,racism
814391437244661760,racism
809371806054354945,racism
838843299976859648,racism
840212335566434304,racism
809536284939030528,racism
810185354791751680,racism
829477233886654465,racism
806720833750265856,racism
815573174578462721,racism
849728586722533376,racism
824998697935175682,racism
842446973584183296,racism
792493517385768960,racism
782935764405358592,racism
810036600721862656,racism
790165664036159488,racism
799136342240272386,racism
827527657483071489,racism
836871434756567041,racism
803654296520638464,racism
831262733932830720,racism
810103484951437312,racism
786523452647870465,racism
809134936116563968,racism
852455272207536129,racism
820402350636601348,racism
849559442484080642,racism
855363002345848833,racism
838762273040707585,racism
834795450981040128,racism
783077885221404673,racism
799495640191561728,racism
809090844175187968,racism
831595320752668673,racism
853859084436738048,racism
814111976611782656,racism
804430298448613377,racism
803716377903296512,racism
801897180080521216,racism
817295639440723968,racism
839827550390087681,racism
826618687591415809,racism
833628027657531392,racism
841430322487148545,racism
854484440667521024,racism
834550756095164416,racism
840447100387262464,racism
784480873089490949,racism
824747818367737857,racism
829596269911871488,racism
817121611824427009,racism
838843069801836544,racism
814083844483719168,racism
800789718359310336,racism
835817430521892864,racism
826202983004246016,racism
814412004169498624,racism
809487050697277440,racism
822024114894499840,racism
835193366228926468,racism
786334954565226497,racism
843036631288483840,racism
811596783419793409,racism
829402612386631680,racism
816014297759449092,racism
835263830158639106,racism
782155412019802113,racism
836933289093042176,racism
793399163786366976,racism
846678599243587584,racism
849547544464154625,racism
824194963726618625,racism
843362345925705728,racism
828654101399486465,racism
844990119128023041,racism
852904687611383808,racism
782893222469242881,racism
842359697957126144,racism
802191273406955520,racism
826207780113641472,racism
854744594415632384,racism
849656538725744641,racism
829720989072244738,racism
843129987771318272,racism
820120913429594113,racism
844608415771115532,racism
791084010474708992,racism
836331148993314816,racism
799168346369429504,racism
799249932280561664,racism
839989423697731584,racism
811514379124568065,racism
800419193975934976,racism
829321101939449859,racism
844269452262825984,racism
852594608819384321,racism
835216481218625537,racism
842745451065565184,racism
823780244637282306,racism
813354331164602368,racism
838835696488022017,racism
811959832781660160,racism
811833844118777856,racism
809088547101806592,racism
842772934599020544,racism
787665043735322624,racism
840881842102366208,racism
841721445650714624,racism
803221818207109120,racism
849680635543375873,racism
839463722343084033,racism
836263833547259905,racism
824998047931310082,racism
810071141029187584,racism
842508116046635008,racism
846478792898043904,racism
840601003556765697,racism
827822881295970304,racism
826434567024283648,racism
833427795405594625,racism
803584703022399488,racism
848814638108221440,racism
785091341726330880,racism
847157963563393026,racism
788008315062190080,racism
842765169646338049,racism
825289016325050369,racism
842863773190946817,racism
801475257471270913,racism
854642493706653696,racism
850650219289227264,racism
838018872921948160,racism
826885771760193537,racism
847413626184933378,racism
811690875386531841,racism
838402060529782785,racism
790545316449837056,racism
813115511319961601,racism
783836437330485249,racism
840447564625379328,racism
843135494879887361,racism
800786429978677249,racism
846322576276291585,racism
835181195377979393,racism
822774585384910848,racism
806372757273542657,racism
808829747996266498,racism
823985187730190337,racism
835550287985328128,racism
813356258006827008,racism
782580539907710976,racism
841582281949077504,racism
800792013331279872,racism
856053098325958656,racism
853266782446026753,racism
844493871644131328,racism
835433736107868160,racism
810210319934947328,racism
784459564112642048,racism
801900380959502336,racism
807727442420961281,racism
831229253463244801,racism
849212872005750785,racism
832702379954810882,racism
825622973755305985,racism
811152064139165696,racism
840882456630820865,racism
852271035672141830,racism
852509805751283712,racism
786932986629459970,racism
801874347518464000,racism
805871639959392256,racism
788285417649016832,racism
799209226593828864,racism
839753911464517632,racism
844522536306196480,racism
817173118997372928,racism
821681241506410497,racism
851410202205310976,racism
810584804534157312,racism
828614063928332291,racism
822453916386332674,racism
843771766984052736,racism
799979254977089536,racism
849881218057478144,racism
815858955561877504,racism
791169021513269249,racism
856495043061960704,racism
854764205152534539,racism
842730599538409472,racism
856940435289366528,racism
810175524580397056,racism
818135548489515009,racism
854213919593967616,racism
844890633982693376,racism
840928975832649733,racism
850693895117778946,racism
811982901244002306,racism
810610729036423170,racism
783574745895800832,racism
809341874699927552,racism
803295681829945344,racism
806854538342858753,racism
784438242514984961,racism
817389061107228673,racism
808405921844121607,racism
824885286408646660,racism
815209685259259908,racism
854042622461190145,racism
847908431424102407,racism
855796711926661121,racism
825986226788384768,racism
783993724028215296,racism
790825204788461568,racism
786456960669519872,racism
815596103747964929,racism
792058927395459072,racism
784402404905259009,racism
788453560598102016,racism
839611637690662914,racism
807483621493866496,racism
821822617044877312,racism
786104552877621248,racism
820966025546047488,racism
784711666525151232,racism
790515873727574016,racism
791589425671266304,racism
816811959769329665,racism
848863340470448129,racism
844653679613558786,racism
805548271800348675,racism
816996317079732224,racism
793383898621313024,racism
810941370290597890,racism
814548235633258498,racism
782165094318956548,racism
782195284105371648,racism
782204731959734272,racism
782241280659169281,racism
782508027815485442,racism
782559406311477248,racism
782584588103278597,racism
782596951283933184,racism
782614667759849472,racism
782627058115641345,racism
782686657732640768,racism
782885700588937216,racism
782937100014460928,racism
783268187286671360,racism
783279761347018752,racism
783280663365574656,racism
783313916256477184,racism
783338814425092096,racism
783554861371719680,racism
783748112355581955,racism
783960808774664193,racism
783987466697146368,racism
784025768145936385,racism
784035762236952577,racism
784324392264175616,racism
784547646421753856,racism
784571660921962496,racism
784623293445922816,racism
784826073599049728,racism
785129756354342912,racism
785164297274032128,racism
785361434091855872,racism
785434915349340160,racism
785573974365306881,racism
786352208027619328,racism
786445005531455488,racism
786482214162800640,racism
786588328460218368,racism
786636987574870016,racism
786922528275128321,racism
786944696996200450,racism
787169084320256000,racism
787262462676520960,racism
787631083462488064,racism
788070890810597376,racism
788248475263700992,racism
788310535389446144,racism
788431588589789184,racism
788446419648647169,racism
789354854166691840,racism
789419012409221120,racism
789572244418813952,racism
790012485608824833,racism
790835414466789376,racism
790874332054556673,racism
791197198461591552,racism
791325834451808256,racism
791384312541224960,racism
791573803776282624,racism
791665817544974336,racism
791726196035821568,racism
791877224064573440,racism
791965889050488832,racism
792064244774735872,racism
792326930930536448,racism
792372339354861568,racism
792617333042798592,racism
792715213304758272,racism
792737250366881792,racism
792804438889168897,racism
792961371705147393,racism
793077621319933952,racism
793161196480389121,racism
793171482860027906,racism
793398541553106944,racism
793514083349848064,racism
793521611488067585,racism
798971408764305410,racism
799080136243113984,racism
799120165879316480,racism
799284908011229184,racism
799650731779358720,racism
799925871582789632,racism
799954569346301952,racism
799977567210061824,racism
799985919663149056,racism
800001280534081536,racism
800228040236265473,racism
800330741741547520,racism
800402690530574336,racism
800747202306043904,racism
800750009327243264,racism
800786300257243136,racism
800833465109385216,racism
801010470845026304,racism
801463075694112769,racism
801540594363408385,racism
801809772584570880,racism
802081588423131136,racism
802094496133615616,racism
802184145375989760,racism
802603820786352132,racism
803134786076377088,racism
803220333813579776,racism
803236142653067264,racism
803313690929991680,racism
803330661843136512,racism
803341250627796992,racism
803376526972649472,racism
803536528593092608,racism
803565957595746304,racism
803586069920813057,racism
803740090073812992,racism
803943618377617408,racism
804055701110878217,racism
804075341002264579,racism
804606696081465344,racism
804624237801521152,racism
805145430011035648,racism
805352162075312128,racism
805384507725647872,racism
805385274087895040,racism
806119357365571584,racism
806156637304160257,racism
806263891084935168,racism
806418862317203456,racism
806458470086176769,racism
806465004325240832,racism
806946815941767168,racism
807148952483139584,racism
807149061593776128,racism
807221074802909184,racism
807472658610851840,racism
807649017098289152,racism
807686671324086272,racism
807864351650672640,racism
807873886222159872,racism
807883975406587905,racism
808205450256777217,racism
808378705429098497,racism
808388809931026432,racism
808400282107445250,racism
808404361428746246,racism
808596264640253953,racism
808736969551413248,racism
808829071832612864,racism
809123474862211073,racism
809314482367369216,racism
809473358748323841,racism
809683293331460096,racism
809748882334871552,racism
809846439815905280,racism
810061767686713344,racism
810116813182877696,racism
810190030186704896,racism
810540481335750656,racism
810805319072878592,racism
810825627528003585,racism
810833269126299648,racism
810943347439374336,racism
810943756593725443,racism
810954190201692160,racism
810956736215523328,racism
810986816463601664,racism
811153930285674497,racism
811172713897267200,racism
811184714144972800,racism
811189846379266048,racism
811222769056808960,racism
811239481634328580,racism
811336077474693120,racism
811567139467460608,racism
811938772795486209,racism
811948353575669760,racism
811986553589395456,racism
812022487030566912,racism
812050189355782144,racism
812240729548394496,racism
812243081412153344,racism
812322399475601408,racism
812323904219914240,racism
812326563232485382,racism
812771411488022530,racism
813049073158602752,racism
813274055256272896,racism
813337116428091392,racism
813550459227172864,racism
813726048634413056,racism
813731670729916418,racism
813767990403600386,racism
814037723367424000,racism
814078424486547456,racism
814089848059527168,racism
814141822578675712,racism
814213056842571776,racism
814221685452840961,racism
814410836383006721,racism
814417744368201728,racism
814561077593784320,racism
814575047176228864,racism
814762537078128640,racism
814871936027258880,racism
815157966647230464,racism
815227838924259328,racism
815345601604886529,racism
815362356792492032,racism
815525161378213888,racism
815541956856217600,racism
815636441221001216,racism
815993261227732992,racism
816175245094686720,racism
816215002738782213,racism
816217760187486209,racism
816294977487695872,racism
816368276951416834,racism
816547601097129984,racism
816702932347457536,racism
816740606462558208,racism
816986340378218496,racism
816990953131175936,racism
817003315787661313,racism
817140230285381632,racism
817327053569671169,racism
817350334288891906,racism
817388299811700736,racism
817668549850333184,racism
817793324237156352,racism
818093016783130624,racism
818251007088005120,racism
818741305232723968,racism
819915215584247808,racism
821398066355994624,racism
821650545186377730,racism
821676200212987904,racism
821719461409517568,racism
821903823509868545,racism
822454921463267328,racism
822554991688826880,racism
822807606737727488,racism
823152640259407872,racism
823786745946865664,racism
823822239091007488,racism
823860319701307394,racism
823924385534930944,racism
823936424097574914,racism
823997131824529409,racism
824011122588131334,racism
824030924098572289,racism
824031486768771072,racism
824168449098321921,racism
824177207388073984,racism
824347591907414016,racism
824705058734477313,racism
824708898569515009,racism
824724034369814528,racism
824938344404676609,racism
824963817159479300,racism
825000051219038208,racism
825003562379919361,racism
825050343679590400,racism
825094933698768897,racism
825345478309076992,racism
825389015721459712,racism
825475603533090821,racism
825608051721981952,racism
825654156576821248,racism
825677022412341248,racism
825979522344423424,racism
826021877877526528,racism
826047546590105600,racism
826147610050310146,racism
826151118229102594,racism
826202676866215936,racism
826205349736742912,racism
826341046116294656,racism
826380632376881152,racism
826385428664221697,racism
826428674463428608,racism
826462903167569920,racism
826492371886080002,racism
826524658765819904,racism
826528469215506432,racism
826705537207263232,racism
826746060353712130,racism
826798723380441088,racism
827063443291242496,racism
827086365267468288,racism
827203945529483265,racism
827245018616360960,racism
827423374561386496,racism
827783036905336832,racism
827816983630581760,racism
827935691682222080,racism
828318482848743424,racism
828511741025906689,racism
828798130200121344,racism
828882911495602177,racism
829043789209690112,racism
829058061805481984,racism
829099564015681537,racism
829208956786638848,racism
829465942451159040,racism
829520794216755202,racism
829620801649283072,racism
829632444324274176,racism
829748630366076929,racism
829748735609552897,racism
830005451211292673,racism
830065695354449921,racism
830306653014806528,racism
830420447573442560,racism
830878139861594113,racism
831043706891358209,racism
831114646815899648,racism
831213133687570433,racism
831235321048215554,racism
831241690333712384,racism
831382315259555840,racism
831430313607823360,racism
831439550878728194,racism
831536055820095488,racism
831877250110849024,racism
831993503521587200,racism
832153029453426689,racism
832603387527065601,racism
832606006400131072,racism
832874412932231168,racism
833584442883047424,racism
833643349672390656,racism
833678425734922240,racism
834002168646610946,racism
834017400861384705,racism
834125776299683840,racism
834160529212112897,racism
834303586070884352,racism
834747796599238660,racism
834902821833166848,racism
834927790457749504,racism
835105227988733952,racism
835116610457333760,racism
835143262180634624,racism
835191339939729408,racism
835195730306416641,racism
835214537620082692,racism
835251953898766336,racism
835463065193885696,racism
835473416555806721,racism
835550328053452800,racism
835785575445725185,racism
835892464879808512,racism
836169067283300352,racism
836267478456090626,racism
836327535063478272,racism
836327669516156932,racism
836328435777699841,racism
836336756471513090,racism
836553090035814400,racism
836563501397200896,racism
836571764696186880,racism
836579045685006336,racism
836579910789513216,racism
836694802754326529,racism
836705964095070209,racism
836906066470440960,racism
836919831794499584,racism
836934366475530240,racism
836952929185771520,racism
836984365628305408,racism
837016796691632134,racism
837045975461986306,racism
837063953725415425,racism
837219345277337600,racism
837269070567378945,racism
837308026801516545,racism
837406435805970436,racism
837408820641075203,racism
837601784021516288,racism
837617819437187072,racism
837650611030089728,racism
837724049325363200,racism
837977989983895552,racism
838019723904303104,racism
838147029700382723,racism
838469950654251008,racism
838735847906283520,racism
838790666532564992,racism
838838878370951168,racism
838840459577413636,racism
838842682256601089,racism
839023401779986433,racism
839114839297568771,racism
839128428766982144,racism
839257039880785920,racism
839358622375247875,racism
839404327626231808,racism
839613154778841090,racism
839677695487270912,racism
839790048987996162,racism
839804568103960579,racism
839806298866790400,racism
839822194976915456,racism
839844610277015552,racism
840184094990327809,racism
840191044314660864,racism
840251844278538241,racism
840448271420145665,racism
840829719008407553,racism
840881911132246018,racism
840948142677884928,racism
840977044796264448,racism
840982220219273216,racism
841106882429353984,racism
841193315064283136,racism
841233645360824320,racism
841271759835914245,racism
841310807757582336,racism
841336164904714240,racism
841336375857303553,racism
841344387984560128,racism
841378581230022657,racism
841602577288564737,racism
842447725543198726,racism
842460081597894656,racism
842482955494850560,racism
842772889837490176,racism
842863108058238977,racism
842871573031800833,racism
843040818260721664,racism
843077546250067970,racism
843092205824884736,racism
843138596899078146,racism
844125721450766336,racism
844153338082082817,racism
844266581152743426,racism
844301862027321348,racism
844500879709523970,racism
844616526183514120,racism
844649999279554561,racism
844650822034165761,racism
844665509325029376,racism
844693921674543104,racism
844862839340785665,racism
844866516344483842,racism
844871171350802432,racism
844895278201233409,racism
844955896350412802,racism
845574470316294144,racism
845638862995181568,racism
845667031848566785,racism
845987641803853825,racism
846253938240376833,racism
846345032114339840,racism
846470524029091841,racism
846992494957133824,racism
847175823668989954,racism
847196241020817409,racism
847348525348212737,racism
847417280715603972,racism
847448050335326212,racism
847538042927820800,racism
847544674235625472,racism
847545450559401986,racism
847791190007316480,racism
847833316053184512,racism
847883618928271360,racism
848250001243426817,racism
848393830554587136,racism
848418816824668161,racism
848419383240163328,racism
848645557824499713,racism
848946797540241408,racism
848985509733044229,racism
849039712031584257,racism
849173688821977088,racism
849900443429986304,racism
849909321920114688,racism
849920673082474498,racism
849959694852599809,racism
849968973378715649,racism
850109430586847232,racism
850419684528803840,racism
850476486570192897,racism
850618322072764416,racism
850740078209060864,racism
850807870123909122,racism
851101703533408256,racism
851475627588952064,racism
851515409509568513,racism
851522460658917377,racism
851561414720446465,racism
851906322283016192,racism
852105842598055937,racism
852138571842682880,racism
852484030943690754,racism
852921955707736065,racism
853545751087120384,racism
853659371653529600,racism
853678498732441600,racism
854672310460182529,racism
854767083627982848,racism
854777826570096647,racism
855096241574875137,racism
855154441003167745,racism
855507890668490753,racism
855663990059433984,racism
855752611894624256,racism
855807480097406977,racism
856493762750664704,racism
856496715825917953,racism
856556101625688066,racism
856801181154332672,racism
856851306744512512,racism
856906801887010819,racism
816664192308695040,racism
804416381819097088,racism
806874286896148480,racism
836251704077258753,racism
847182367441780737,racism
825437112212324354,racism
804286429048295424,racism
853250537734770688,racism
826959943613964289,racism
783033227082596352,racism
847177777606508545,racism
790486483870347264,racism
790640802070405120,racism
820937605864886274,racism
792373120816513024,racism
787237390658273281,racism
821056358283902977,racism
784073221675085824,racism
854445190446276609,racism
786120410739769344,racism
799148709586096128,racism
783292272821604352,racism
807986137809768448,racism
783068361139912704,racism
807216329593946112,racism
840862828789682176,racism
790539530642350080,racism
792613642533539840,racism
835469801615212544,racism
830437603442884610,racism
800771922187456512,racism
820291472217948161,racism
814159754671046660,racism
788506288015626241,racism
806948360418684928,racism
837331223634657280,racism
813301513212805120,racism
815967732005044226,racism
792029093894258688,racism
846482113129934848,racism
808544989689028608,racism
785839511926349824,racism
834666242858430464,racism
832518083138973696,racism
805831042900836352,racism
840882495168090112,racism
788004205915176960,racism
785578890748133376,racism
786585991888838656,racism
826515414201024512,racism
831136693893922816,racism
827445619660828672,racism
834410580698075137,racism
787971585424711680,racism
793162391513161730,racism
854311817581137920,racism
838790733431783424,racism
855849669674586113,racism
792383863259488256,racism
789448314295025664,racism
830419080322621440,racism
783248262534946816,racism
826318645752168451,racism
786976912988078080,racism
783716636620652544,racism
834092972773928960,racism
816906983127322624,racism
810936644752785408,racism
851764380102537217,racism
814217362798952448,racism
822505923939893248,racism
822507171485220866,racism
847081675095969792,racism
839153266424414209,racism
812065274807599104,racism
789227916487974912,racism
831205631369629696,racism
815890021018374144,racism
835943775335743493,racism
844442444259364864,racism
798978458017787904,racism
790486676879663104,racism
782260830435942400,racism
829202157979185152,racism
787914454709174272,racism
828203846900076548,racism
832220495802204160,racism
790961452010115072,racism
840827972886122497,racism
818068705435381764,racism
838823719854358528,racism
790673630757814272,racism
800658642341101568,racism
789870054477213696,racism
840998375554187264,racism
835636499550978048,racism
786297958815764480,racism
823581328075587586,racism
817325102241054721,racism
833788339497086977,racism
824002688400707584,racism
836729441590079493,racism
823267237201137664,racism
854612496640073728,racism
786435885529178114,racism
790813259377045504,racism
807218396630749184,racism
813004860564078592,racism
786843585740214272,racism
782262382269693954,racism
789377122309668864,racism
806207935164674049,racism
785066010105774080,racism
833787315784921089,racism
828503407250010112,racism
834492829854531602,racism
852479392857169920,racism
827147761665597440,racism
829060514479276041,racism
786320311868424192,racism
839385949930995712,racism
823821334409019392,racism
816334143651008512,racism
791761307129307140,racism
802838321453993984,racism
824023955598151680,racism
855291666072190977,racism
825437174724190208,racism
839096766649749508,racism
819935737944666113,racism
844459266358546432,racism
856816836607975424,racism
850999542426324992,racism
801573095173746688,racism
788298994447486977,racism
816606465536524288,racism
799989773821771776,racism
830035481320644608,racism
799363099971166208,racism
801452537073270788,racism
785920834854617093,racism
807232147539054592,racism
824545932062715905,racism
823654359565209600,racism
833799552926941185,racism
856808283289468928,racism
848050856985546752,racism
799664751051767810,racism
847149842853974016,racism
804782099601440768,racism
814577015156260864,racism
822044569135173633,racism
791292165146177536,racism
806844964525264896,racism
791967205139152896,racism
854223516648050688,racism
800448664393097217,racism
791615724624150528,racism
787934216881307648,racism
821780427111276544,racism
821444051106938882,racism
816683723026563073,racism
836129744328474625,racism
846396782116515840,racism
788064039381377024,racism
809404081437556737,racism
834035303908270080,racism
849658735882493952,racism
854603829958123520,racism
811544747571552256,racism
790648016109703171,racism
833308116632666112,racism
824168579121680387,racism
806185768922267649,racism
801178920179535872,racism
833607175788445696,racism
855675583145148416,racism
818587443502850048,racism
847859242237349889,racism
854212818635247616,racism
853233393630416896,racism
810162582564851716,racism
818156156635987968,racism
782634065446875136,racism
844641500071952384,racism
786984509279535104,racism
789028054785982464,racism
786077331337150464,racism
855319000078663680,racism
787749222623870976,racism
833259871214694401,racism
846027546424721408,racism
787653851889270785,racism
809058007690649600,racism
807178467620036608,racism
821364359221878785,racism
854710123947855872,racism
806530027693150209,racism
783030219192008705,racism
784710530300649473,racism
801026146246737920,racism
799574972804931585,racism
852120680778924032,racism
806182454239313920,racism
790964885685428224,racism
855362436928606208,racism
848275976463290369,racism
828731792576376834,racism
837421095879905280,racism
793098498824630272,racism
843797746880536576,racism
855775733989376002,racism
791172109074632704,racism
817800783743905792,racism
835173590047805440,racism
787936468593414145,racism
849388204734246914,racism
801107574015856641,racism
782493254596096000,racism
821741834888237057,racism
826755178191798272,racism
813786085528637440,racism
826225507033370624,racism
822116183876968448,racism
803544274260422656,racism
843823217114595328,racism
825050835444985857,racism
843904724994850816,racism
793723229219282944,racism
787638295694106625,racism
856746754250874880,racism
811939768909135872,racism
837022959130849280,racism
810391427385528321,racism
816502027656318979,racism
808449553909354496,racism
801725246432808960,racism
799522502506643457,racism
789010807648555008,racism
785385510323838981,racism
807299880377053189,racism
817093602379763712,racism
790332767166984193,racism
810550411438555136,racism
801344316224507905,racism
790454715381407744,racism
821433339861225472,racism
831556404368572417,racism
841633323957002241,racism
850801814815596545,racism
831248509718388736,racism
788913076120584193,racism
784912879640346625,racism
826015136842412033,racism
804087491884175361,racism
816688459322687488,racism
850985521245540356,racism
839810816287387649,racism
831124557373259779,racism
839470050377617408,racism
844436810151460865,racism
803197357521301504,racism
829367998330703872,racism
826375137318563840,racism
786472187599396864,racism
841243909208567809,racism
855094199934472192,racism
803303439304392704,racism
835894111928528896,racism
839611395100540928,racism
816980233035321345,racism
837735827472068611,racism
811636456066338816,racism
791348426638299136,racism
825796190679683073,racism
829295789017006082,racism
832190232745406464,racism
786212859369979904,racism
782520167066664960,racism
810442614214258688,racism
851512357666914307,racism
855501122080997376,racism
803478370839396352,racism
816322046334566400,racism
815479029411221504,racism
816237787397689344,racism
847149137917362183,racism
826343104047357952,racism
827289308352696320,racism
853554834204573697,racism
811662419051368448,racism
852606091565441028,racism
851546614103773185,racism
789965739218305024,racism
850748926735069184,racism
804077200119136256,racism
845266935973597184,racism
825311882814902272,racism
848083029818048512,racism
825772321180880898,racism
809372697151045632,racism
849331964507287557,racism
849256867889106944,racism
817452960808636416,racism
811206498072350721,racism
845176513133629440,racism
800638099994705920,racism
844632920203673600,racism
813736349606039553,racism
844823096599076866,racism
826484168511127553,racism
788496211200380928,racism
840129550906417152,racism
803348000760270849,racism
826128821732646912,racism
827472749216022528,racism
789094539386576896,racism
856025798205206529,racism
803214701396164609,racism
815993715961511936,racism
855198282032787457,racism
853914595739795456,racism
811803490905374720,racism
788254610813128709,racism
839098805731602432,racism
782197789686136832,racism
813739485053747200,racism
816925401347948544,racism
817999011563077633,racism
790100996882071552,racism
848172604968108032,racism
845702474518401026,racism
811147132929474560,racism
842657746193473536,racism
827472517552029696,racism
825301410971529216,racism
834038906207272960,racism
847939066331004929,racism
791260961999032320,racism
842704519318376448,racism
833997951982788609,racism
845043979058122752,racism
828498822200512513,racism
799179661628600320,racism
782652398523260928,racism
810948865134383105,racism
822900078985809921,racism
811226760100646912,racism
789512112146096128,racism
800647002963017728,racism
844679316315295744,racism
804317875641126912,racism
812282996703170560,racism
830306383337758720,racism
784090595837050880,racism
784832534228115460,racism
807235158986424322,racism
815689551410765825,racism
812547298861416448,racism
825016448426741764,racism
789539545226313728,racism
826160076536893451,racism
849851411026370560,racism
823123962985140224,racism
840128659839107074,racism
829446102797594625,racism
852304855410630656,racism
817060863131664384,racism
827964883086012416,racism
804023895779119105,racism
839510438597562372,racism
812254405152149504,racism
811952585745829888,racism
844926359914864640,racism
812251642053660672,racism
816013860545167360,racism
836883213716979713,racism
854369439118184448,racism
855171476907061248,racism
855677559710896128,racism
827075845466488832,racism
813027145131954176,racism
810956978872844288,racism
810953937629151232,racism
825683038285811712,racism
789456755948486656,racism
820003356416557056,racism
812265019509526529,racism
810938733361037312,racism
848963480136933377,racism
823882892711436288,racism
839561875536871425,racism
813752942503362560,racism
821093990640533507,racism
811504049539448832,racism
811833166721912833,racism
819926488225083392,racism
844844486479925248,racism
811800033121148928,racism
810958405758226436,racism
811301541894356992,racism
823657132151214080,racism
851115601934376960,racism
835200500622639106,racism
804991443542671360,racism
784443612461408257,racism
852508051512971266,racism
828345202062589952,racism
801422133687631872,racism
820270531895263235,racism
855545083369836545,racism
800091264909774849,racism
805160797802479616,racism
822006153768906753,racism
821115711175225345,racism
811140049932877824,racism
849342839838343170,racism
788375490885218305,racism
812276517573185537,racism
805842734141423616,racism
852605411769430017,racism
822801588431548418,racism
849966120501202944,racism
836133971876536324,racism
803342756072607744,racism
817518632527872000,racism
804984903779708928,racism
811358810635964416,racism
825515552202440705,racism
807968471988498432,racism
812235326039134208,racism
850986152844812288,racism
845562970264473600,racism
834350204849684482,racism
811193458513813504,racism
817016053205188608,racism
854050503558393857,racism
833368734232408064,racism
855080544060792834,racism
845020010330406916,racism
813718961619632128,racism
850450582255153152,racism
825295287363203072,racism
844991302630551555,racism
793488630589317120,racism
841017749526740992,racism
811121081717243904,racism
823489970602176512,racism
839956568712085504,racism
842619096139284480,racism
803326429681352704,racism
831311166420959232,racism
852926962561691648,racism
855418111658307587,racism
800072200736964609,racism
789188970915561473,racism
826100233415294978,racism
826149097858093061,racism
855674672582709248,racism
822839846297288706,racism
800471939340992512,racism
782926433031168000,racism
851687101963931648,racism
836167013303218176,racism
851035824967888896,racism
817338540191322112,racism
828243706872487936,racism
816036791593693184,racism
788035593859112964,racism
811700531630641156,racism
845043290282115078,racism
808231095154130944,racism
843390870225346561,racism
851828817693999105,racism
845425441431339009,racism
801043981043896320,racism
800095934923186176,racism
840199367097225216,racism
853193433879642112,racism
840355557500436486,racism
836284950353752065,racism
782647705671794688,racism
827947578209734657,racism
787940710460846080,racism
840516941404086273,racism
788081741240107008,racism
829728534612602880,racism
844602538099924992,racism
835210468063080448,racism
812242546034348032,racism
844923387638099968,racism
813299306237194240,racism
826151148914606081,racism
840586448483033089,racism
855414650590162945,racism
804004386292854784,racism
841927706753290244,racism
812258911277477888,racism
783095761714024448,racism
835223448829984768,racism
785427499157221376,racism
845341067440525313,racism
855351248417169409,racism
799129114909298688,racism
813867733700005888,racism
810952791770468357,racism
811536885063553024,racism
824555749560946688,racism
816306746432036864,racism
793173976671514624,racism
823149384842022912,racism
789755131281698816,racism
812264085756768262,racism
812565970451623936,racism
812964341494513664,racism
815674305572913152,racism
839963755169656832,racism
783056814111879172,racism
850396485619507201,racism
820990514531074048,racism
821114070715813889,racism
856637001386295298,racism
835084631498182656,racism
810955589958385665,racism
844597298315362304,racism
815541346249408513,racism
843171168270106624,racism
832623539215704066,racism
826680367700647936,racism
841172691549851648,racism
843073971490902018,racism
813384762807250944,racism
818126457763463169,racism
844606103451242503,racism
853311613352521729,racism
814293670434316289,racism
799369547111366656,racism
844921803575382016,racism
786812571743424512,racism
808831013568872454,racism
844692841490206720,racism
812328662049652737,racism
803158435500003328,racism
824685531279884288,racism
786441183446786048,racism
850347369757585408,racism
851731236519280640,racism
804978800127803392,racism
787638976463138816,racism
837409942453780481,racism
811235227716743168,racism
789122021091381249,racism
811696569430974464,racism
782267721023156224,racism
811629492410130438,racism
850357358878482432,racism
825986032508215296,racism
840874109420621824,racism
816278242130804736,racism
851867600611155973,racism
818003655353888771,racism
809778989506170880,racism
822915755847143424,racism
847903857334251520,racism
826143372465340416,racism
813337500584382464,racism
852427362239209473,racism
854812251269857280,racism
816951636132327424,racism
844610323143442437,racism
855688353039224832,racism
825800779575459840,racism
786549815157153792,racism
843737571142328320,racism
811565637810130944,racism
789691738466160640,racism
814459799026991104,racism
851907330635694081,racism
845192354608791552,racism
836971278699487232,racism
812315125600440320,racism
799642101587660800,racism
825336131277484032,racism
852409043461308416,racism
792322512923267072,racism
847403226890555393,racism
787936664429666304,racism
817507269986222080,racism
808365968946765829,racism
793524735439212544,racism
799561435370180608,racism
821129946756214788,racism
849345529230356481,racism
804663366371442689,racism
845062796752699392,racism
845938945330462721,racism
811246966457962496,racism
826055831875702785,racism
843486043135528962,racism
826073012445274112,racism
789919378267578369,racism
851434861566902273,racism
823985433088524293,racism
844588157345677312,racism
812443961633554432,racism
831787065331290112,racism
820620424400736258,racism
811573300564553729,racism
855162144253497346,racism
818580095082307584,racism
844589924959555589,racism
849344750788497409,racism
791555863433666560,racism
807992366699347968,racism
818580282190286849,racism
810218514875383809,racism
833655502622056448,racism
826038844747300864,racism
814116973550465024,racism
801698633229934592,racism
788515898378321924,racism
852211897625661440,racism
845358206683664384,racism
845582477280325632,racism
856510861510414336,racism
845682696718340096,racism
789797352341139456,racism
812621395192594432,racism
826013678726160385,racism
815505943538597888,racism
844594653190131715,racism
835108450749263876,racism
809862356406767616,racism
792379586323644416,racism
835380338171985920,racism
835204790099509248,racism
825092411990822912,racism
790989633073082368,racism
821903821798539264,racism
849676374885502976,racism
818181838770409472,racism
835399939060609024,racism
786143540686356480,racism
836952786038325248,racism
838368204300894209,racism
835860039021826049,racism
801697391049052160,racism
821800011767959560,racism
798926381778345984,racism
810206473619996672,racism
851846467086163968,racism
814541534578216961,racism
836666434042331137,racism
850313815820554240,racism
835109851395198977,racism
840642263403364352,racism
785394061582733312,racism
838153438416502785,racism
837781780065316864,racism
806420766224957440,racism
785462696707850240,racism
802511445682311168,racism
821260770189209600,racism
843725330544295937,racism
846468579461619713,racism
846478721221623808,racism
843081144967073794,racism
844613168269709313,racism
803604477681037312,racism
823601003543007232,racism
841286821040553984,racism
844464190014271488,racism
802131553358843904,racism
851798763190575104,racism
854771987956330498,racism
826423620176080896,racism
841263653483610112,racism
821440745789911048,racism
824155224659099648,racism
839175661604470785,racism
851339303611486208,racism
843001619583320066,racism
799315943792984064,racism
826529329127555073,racism
829265739655835648,racism
839347745529946113,racism
837030180807831553,racism
816998760052047872,racism
841681968332996610,racism
820598238801760256,racism
842411294930137088,racism
823568713161052160,racism
834408447240175618,racism
842482235999768576,racism
842465908224360448,racism
805784045502099456,racism
823543747606675456,racism
839081320693252098,racism
800796116350484480,racism
846382597576032256,racism
848637172714491906,racism
783935518526492672,racism
808616901643563009,racism
803693331733745665,racism
808402378760343553,racism
846648020766801920,racism
810747395755638784,racism
837265862692327425,racism
789724098947649536,racism
830490426666803200,racism
836039595884150784,racism
835927481739788289,racism
835193006181478400,racism
827591717020917760,racism
855730884569436165,racism
831047451666690048,racism
827559861412044804,racism
790939412179877890,racism
805100471098687488,racism
811304462719533057,racism
844913402321473537,racism
825854054115004420,racism
782889759219806210,racism
817121334056599553,racism
806161740325093376,racism
839790721330708480,racism
813771300221153280,racism
814849529585532928,racism
798813330475388928,racism
852182279946371073,racism
783603136183300096,racism
833247561637048320,racism
849529469056544768,racism
792474194655244288,racism
791714352135081989,racism
827466368513622018,racism
847398987388796930,racism
831619422884417536,racism
818015255594930176,racism
839936193190051840,racism
844165062331916288,racism
799117939085574144,racism
842460006612111360,racism
834119433257885697,racism
838808982085054469,racism
836273751234908160,racism
828641940061159424,racism
787898701297684481,racism
588794148964151296,racism
591523737066954752,racism
581011434387025920,racism
580744749621096448,racism
576780989021716481,racism
554776802183614464,racism
590567635462594562,racism
552822364309032961,racism
553936258008104960,racism
580107602694131712,racism
553440180737441792,racism
577219799891222528,racism
587885780607098880,racism
575040182728192000,racism
591925839568207872,racism
568802507419488256,racism
588766391500668928,racism
591531887472029697,racism
553844015125504000,racism
553189669631193089,racism
571018071948857344,racism
554615290223681536,racism
579187099032760322,racism
553633858777014272,racism
587644644638490624,racism
588407827951181824,racism
555145138079801344,racism
553088571838836736,racism
589151437915037697,racism
554759294407938048,racism
572379888314920960,racism
588983928121389056,racism
571017749763391489,racism
589183587854999553,racism
596672168571871235,racism
580993962019721216,racism
552846527572754432,racism
553235703518490624,racism
579722439560728576,racism
601482302691106817,racism
567590678579138560,racism
569483797588254720,racism
585524891442618368,racism
552932849289289729,racism
571674751242002433,racism
554549001891373056,racism
553169846167670784,racism
553821856378400768,racism
591155916701052929,racism
553169513785872386,racism
552964010216525824,racism
582235895128072192,racism
592655998604705792,racism
570984364672212993,racism
596709947389292544,racism
563597367463936000,racism
554646269386559489,racism
553099124271480833,racism
562875132893757442,racism
575238916275638272,racism
553458067904684032,racism
572034457323978753,racism
552810870838153216,racism
568352078474686464,racism
553585794099994624,racism
552884996328148992,racism
554038667866812416,racism
613683616334376960,racism
564207491857121280,racism
552911412822306817,racism
569624307883749376,racism
554019344032993280,racism
587904705348665344,racism
589903866164043776,racism
606109502824423424,racism
579596777780850688,racism
589758893607297024,racism
553592756078379008,racism
551988544361988096,racism
553545726694010881,racism
596285119410741248,racism
554212843630125056,racism
567652646937694208,racism
604674287556018176,racism
588378880047628291,racism
568884794379112448,racism
591533849462575105,racism
554324989227573248,racism
585393454408163328,racism
589043557081739265,racism
590434125032640513,racism
588040440886251520,racism
591941747275636737,racism
581558200304070656,racism
552946368139264000,racism
553938112318308353,racism
575341215572451328,racism
553161763945193473,racism
568660357763321856,racism
572318840174071808,racism
568857669626421248,racism
571020920430714880,racism
553639813346508801,racism
552061448017682432,racism
587889190119038976,racism
598062415478153216,racism
567375610222489601,racism
588272144368410625,racism
567386385771159553,racism
567021082822332416,racism
593532768719536130,racism
571385376557764608,racism
591925996158328832,racism
584432978991931393,racism
582878294825144320,racism
602475701590163456,racism
589781081550884865,racism
569113798323380224,racism
563252171467407361,racism
580287788605636608,racism
553591548634738688,racism
582151627689328640,racism
551091775184842752,racism
569967535879262208,racism
589498713799843840,racism
580287044175417344,racism
578458499774062592,racism
554757456505864192,racism
587515008835268610,racism
577093925149777920,racism
554208359726211072,racism
563464340851130370,racism
554263485811810304,racism
566690833123262465,racism
577227882914820097,racism
580109607932137473,racism
552961904885637122,racism
554759686172708866,racism
565806182892580864,racism
587868071722938369,racism
598202983575355394,racism
602175930526801920,racism
568838741026062337,racism
594706567448154114,racism
605235556042309632,racism
573817909249720320,racism
552923706918727680,racism
552828495966261249,racism
596029752588271617,racism
573212240624676865,racism
572665279785922560,racism
554383380780175361,racism
553326366352220161,racism
552871725634187264,racism
600768093938417664,racism
572099584220131329,racism
552817826214715392,racism
588314308171403265,racism
593510584655577089,racism
554216600946368512,racism
582645421870313472,racism
589802020174962688,racism
552960999939395584,racism
585836485531828224,racism
589323756209831936,racism
592777007517278208,racism
582066223032209409,racism
555686481298464768,racism
552881007243063296,racism
614499490284838914,racism
589904164035133440,racism
553788520368967680,racism
577451440047853568,racism
571368769630674945,racism
573189497619402752,racism
591546017683795969,racism
588659999330689024,racism
568123854054404096,racism
567463731685507072,racism
568299048807079939,racism
577257148310224896,racism
613699820440694790,racism
553656503660720128,racism
553107981404229632,racism
553910202052132864,racism
604387756832362497,racism
589127072020299776,racism
554380571695411200,racism
552864562236887043,racism
554410390252445696,racism
589399030779748352,racism
553113173604454400,racism
589753955955122177,racism
565939078030688256,racism
593513242904760320,racism
574932253177942016,racism
555422615079510016,racism
614500830994124801,racism
552903421897232387,racism
553983335564066816,racism
552903129461956608,racism
553924143113334784,racism
577217031994523648,racism
553588199784976385,racism
587848243222044672,racism
553336097452064769,racism
569621233547018240,racism
568443488989270016,racism
569971121103224832,racism
577537877795549184,racism
552961476865318912,racism
552514001738149888,racism
577397912562450432,racism
564512718682853376,racism
551638649826447360,racism
582500989787381760,racism
567594617953325056,racism
591682266507673601,racism
596766512674971648,racism
566021016112336896,racism
593101025088765952,racism
552919892052414465,racism
590128060915195905,racism
579407686728572928,racism
552844068745936897,racism
567377582166126593,racism
566564230334525440,racism
567086108941770752,racism
567069890138238977,racism
575067276581470208,racism
588931641445322752,racism
578561115937980417,racism
553854770780594176,racism
588805639687839744,racism
554313973953482753,racism
588800068184072192,racism
590276909327638528,racism
591658446707150848,racism
568814722352586752,racism
553101079794425856,racism
576336502831083520,racism
589903347391553536,racism
554395890950361088,racism
576466024696061953,racism
577443209888075776,racism
592442833543520256,racism
591881424707391488,racism
552938655036497924,racism
571762735878414337,racism
578324008451629056,racism
578265743944474624,racism
553543763390636032,racism
553919899119403008,racism
588413326473965568,racism
589032517715501056,racism
552826629031231488,racism
587875896779997184,racism
553560227464085506,racism
590840725685854208,racism
614534474563481600,racism
554911198748364800,racism
585144650249465857,racism
576659596573589504,racism
552904877278789633,racism
578194763960197120,racism
591390669274492928,racism
596031227146174464,racism
566319854689746944,racism
567794579504918528,racism
590619424824152064,racism
552841401860640768,racism
587727089224261633,racism
553297450828836865,racism
592777916615946244,racism
564045037148061696,racism
554777335887839234,racism
578199765529264129,racism
554595579876356097,racism
596430123013906433,racism
555453689377611776,racism
575221227352100864,racism
614499723915960325,racism
588749214244544513,racism
576268275560116224,racism
570329594491834368,racism
613659022466646016,racism
568507575936946176,racism
589172271702487040,racism
587729024253882369,racism
551441151644172288,racism
553168754323234817,racism
567370367682220033,racism
587735940115918848,racism
589788342348288000,racism
615008108851691520,racism
572710464523776000,racism
566242050560233472,racism
568468676237762561,racism
587605036383006720,racism
563235004306980864,racism
588770784950247425,racism
578876673589977089,racism
554236706212569088,racism
577239778267131904,racism
585347923011117056,racism
553110693604753408,racism
588796243045908481,racism
554236313281761280,racism
553599658023727104,racism
584400911348453377,racism
588689826297335809,racism
591328643139309569,racism
568110644479827968,racism
595471824693153792,racism
592073543539695616,racism
552945381223706624,racism
841416079482204162,racism
852849435080093697,racism
